1. Display all the Suppliers with the same Status as the supplier, ‘CLARK’.  

mysql> SELECT Sname, Status
    -> FROM s
    -> WHERE Status = (SELECT Status FROM s WHERE Sname = 'CLARK');
Empty set (0.04 sec)

2. Display all the Employees in the same department as the employee ‘MILLER’.  

mysql> SELECT EMPNAME, DEPTNO
    -> FROM semp
    -> WHERE DEPTNO = (SELECT DEPTNO FROM semp WHERE EMPNAME = 'MILLER');
Empty set (0.04 sec)

3. Display all the Parts which have more Weight than all the Red parts.   

mysql> SELECT Pname, Weight
    -> FROM p
    -> WHERE Weight > ALL (SELECT Weight FROM p WHERE Color = 'Red');
Empty set (0.04 sec)

4. Display all the Projects going on in the same city as the project ‘TAPE’.  

mysql> SELECT Pname, City
    -> FROM p
    -> WHERE City = (SELECT City FROM p WHERE Pname = 'TAPE');
Empty set (0.00 sec)

5. Display all the Parts with Weight less than all the Green parts.   

mysql> SELECT Pname, Weight
    -> FROM p
    -> WHERE Weight < ALL (SELECT Weight FROM p WHERE Color = 'Green');
+-------+--------+
| Pname | Weight |
+-------+--------+
| Bolt  |   12.5 |
| Nut   |    5.5 |
| Screw |      8 |
+-------+--------+
3 rows in set (0.00 sec)

6. Display the name of the Supplier who has sold the maximum Quantity (in one sale).   


7. Display the name of the Employee with the minimum Salary.  

mysql> SELECT EMPNAME
    -> FROM semp
    -> WHERE BASIC = (SELECT MIN(BASIC) FROM semp);
+---------+
| EMPNAME |
+---------+
| ALI     |
+---------+
1 row in set (0.00 sec)
 
8. Display the name of the Supplier who has sold the maximum overall Quantity (sum of Sales).   


9. Display the name of the Department with the maximum number of Employees.  

mysql> SELECT DEPTNO
    -> FROM semp
    -> GROUP BY DEPTNO
    -> ORDER BY COUNT(*) DESC
    -> LIMIT 1;
+--------+
| DEPTNO |
+--------+
| 10     |
+--------+
1 row in set (0.02 sec)